{
    "time_dependent_cindex": {
        "event_1": 0.7251639630021882,
        "event_2": 0.7456964271620529
    },
    "ipcw_cindex": {
        "event_1": {
            "time_51.2": 0.6924260685237351,
            "time_102.4": 0.6405334762209641,
            "time_153.60000000000002": 0.5832066077025623
        },
        "event_2": {
            "time_51.2": 0.7173684243579935,
            "time_102.4": 0.6826658523213641,
            "time_153.60000000000002": 0.6485084074210968
        }
    },
    "brier_score": {
        "event_1": {
            "time_51.2": 0.25898013818846666,
            "time_102.4": 0.24048008977890187,
            "time_153.60000000000002": 0.2384559196112383
        },
        "event_2": {
            "time_51.2": 0.2536648354340388,
            "time_102.4": 0.2406221804043778,
            "time_153.60000000000002": 0.23853857015287486
        }
    }
}